"","age","sex","weight_1","weight_2","weight_3","weight_4","weight_5","weight_6","weight_7","weight_8","weight_9","weight_10","weight_11","weight_12","weight_13","weight_14","weight_15","weight_16","weight_17","weight_18","weight_19","weight_20","depression_1","depression_2","depression_3","depression_4","depression_5","depression_6","depression_7","depression_8","depression_9","depression_10","depression_11","depression_12","depression_13","depression_14","depression_15","depression_16","depression_17","depression_18","depression_19","depression_20"
"1",59,"m",87.0420136260696,86.0539885988995,84.8488694670235,86.7228690918728,83.3736981057564,81.5387250874029,81.382493495005,89.5467822824589,85.1108946873845,84.4346229146306,80.8164939752223,88.9111393488786,80.370042262135,86.5821831371354,79.2899996849874,81.0459848148414,83.8089192436355,79.5862516010381,87.2491325603268,81.9546702460733,4.7,7.8,8.6,5.5,9,6.9,3.5,9.1,7.5,4.6,8.3,1.5,2.3,6.6,8.6,8.1,6.5,5.6,6.3,8.7
"2",49,"m",80.8655441044681,81.6244166604105,79.2561560885799,89.4024403364084,82.7095213001729,79.5105436336157,77.8161107584597,80.4029167699606,78.8222217035613,85.8264774957729,84.6807952381351,84.6773246229081,81.0830596726332,89.5294461566692,80.6098555938955,80.2549744432542,88.549391373085,80.9753955461036,85.5280981100116,76.8858624283321,0.8,4.8,8.2,5.7,9.1,4.2,6.8,1.8,1.9,6.7,1.2,2.7,4.8,5.9,4.3,4.7,4.9,4.7,2.7,1
"3",22,"f",68.4910229949622,65.3167402491526,60.8815227899716,59.1622224585523,61.5943888133792,64.9923519517427,61.6579067928308,67.6919561076788,59.6578874035162,60.1411482654119,59.5704778072902,61.2361914394015,63.4403621031483,66.0139973027321,60.4796318398504,63.4688600797816,64.6251941475829,64.6270809590041,61.1926011689337,65.2891646302188,4.1,10.2,4.4,5.6,6.2,6.9,5.1,7.4,7.3,5.8,4.1,6.3,6.3,5.7,8.8,4.1,5.8,7.8,5.4,2.1
"4",22,"f",96.5601455828533,91.6395757822175,98.2809462852048,94.3949562974836,94.4176267843129,100.492285226841,93.9528650813677,101.413959248611,102.657041920624,98.951481537011,101.609566148441,95.4998670231225,95.0602392470213,92.4802971496511,95.6194685033447,92.9658441475708,99.6375520823797,98.6966311354792,94.0880337751658,96.2124889982168,1.3,2.6,0.2,6,1.9,4.3,2,2.9,-0.2,3.2,0.5,-0.1,5,5.3,4.2,3.8,2.4,4.5,5.4,3.6
"5",50,"m",50.2227813630304,48.0960647150894,52.5604610987399,47.739314117185,55.1106726336866,49.9170588692903,54.0876961761654,50.9753414214609,50.1082687256696,49.7166557094783,44.9510521029655,49.1443285631052,49.0625300819952,52.00063960397,50.3903096719308,53.0977542128321,41.4443712059438,50.3290221356873,52.8464345201738,54.865369753899,3.4,3.6,1,4.2,5.4,4.4,0.1,1.1,5.1,3.1,3.6,2.7,7,3.8,2.7,0.9,4,2.1,6.8,4
"6",38,"f",57.3352246166585,49.5037719609855,55.5699601640011,59.2022676131952,56.8765838214527,58.3830830419448,55.5106566184639,60.2381022852959,58.9009340920461,53.2822409411497,59.480768279486,55.9408900819745,54.4771487640895,54.9184640071518,51.2597076286094,57.6054976070628,51.3201556255011,52.853049556012,53.9912292813781,60.1265369311941,10.8,9.6,8.7,9.6,13.5,11.5,10.6,14.7,8.9,8.4,13,8.3,13,10.1,10.3,12.2,5.5,7.7,13.1,9.8
"7",37,"f",61.7135639873876,55.8281499067037,62.3068221535701,60.2849595750047,62.3406082364553,64.0004968400459,53.6633323596183,54.4402239089123,53.009157992143,53.6811132060937,52.6992430197366,54.6995181207979,52.2265238241339,58.603203383427,58.8745363845502,57.6081771633872,57.0451826080856,58.1156097001255,52.2308896968308,55.4205015889922,4,4,2.7,3.4,-0.9,4.7,2.4,6.5,3.9,0.4,3.7,4,4.7,1.6,-2.1,4,1.4,4.2,5,3.6
"8",50,"m",87.6777488929513,81.2601694077084,85.4602674851211,76.1306675738249,86.8098689761802,79.970918739771,76.2463378293977,81.5736189607151,79.1792712380299,84.3787955574809,81.3826589744204,75.2581668206952,81.5833003437099,76.2645404244815,83.3548024450414,79.5101745121345,83.4881406566705,83.473180548694,80.0783806957154,79.2000731842911,8.1,6.5,7.8,3.4,5.8,5.5,5.7,7.4,2.5,6.1,5.3,8.1,7.2,5,5.1,2.4,7.1,4.6,7.1,6.7
"9",40,"m",96.726640008855,97.7887875512686,95.1676173499024,101.74675632126,95.5959834077542,96.3569105779205,96.2920890066613,100.043699439261,98.3018595316436,101.017456206527,96.20449008468,100.066606781184,98.9663541381301,95.2019780238303,98.0057664127947,98.2834528791583,93.3143502484204,96.3261692609233,100.588356500615,98.41046942599,8.9,4.6,10.8,6.6,6.2,8.9,9.8,7.8,8.1,9.5,6.9,6.5,5.5,5.9,9.5,6.3,5.6,6.1,4,10
"10",37,"m",89.9602887105709,89.7446697043464,91.6864373003527,87.6811330100119,94.4991895763731,95.2731961223153,91.3889363157862,85.8819340565586,91.4460334939342,89.4658637787069,91.3038360539483,94.8142718233229,89.5962048801717,97.6119152547709,92.9444730481452,94.0955595515616,91.5204445097026,92.7631939145878,94.323531254797,89.762401669207,3.6,0.2,3.3,3.2,2,3.4,4.8,2.1,0.9,3.6,1.8,4.1,2,0.8,2.6,0.9,2.9,0.7,2.5,2.6
"11",52,"m",54.874223064923,54.4369742848397,53.3493738493805,51.1359349768885,53.9416362027538,53.0759545597161,55.778056731307,51.8484017038076,57.1188891021737,57.0937807670007,51.5625542787445,56.1275342430954,57.3863218573286,52.8803815565927,59.4738883615187,49.0934811888308,53.9953497867364,53.9617808701726,53.7529861242169,56.7513213549591,8,5.8,7.4,8.4,5.8,7.7,10.9,9.8,5.6,10,11.1,6.4,7.9,10.9,6.4,6.8,3.3,6.5,6,8
"12",53,"f",93.5162703103209,98.8884638455183,104.566732305837,101.016786240921,99.0662534805673,98.0350748500315,98.8114668774184,96.9628705817229,99.8352678767734,96.5991032063499,90.393956200056,100.170029227837,94.5106276448892,103.253678235683,95.9249899720616,101.107384895883,93.582495951602,101.510616089684,93.8152637709919,94.7793394613661,8.2,6,7.5,9.6,10.5,8.1,8.6,4.4,10.3,5.8,7.1,4.6,8.8,7.4,9.8,3.5,4.8,8.2,6.5,9.4
"13",45,"m",95.9456671332622,93.041658085822,91.3899672352882,86.3185135545895,89.1965281353328,88.9100378083392,91.1044396354265,88.181403810199,87.4437119868238,96.5470977185139,92.3256484728563,92.2897767252715,86.0785098911794,89.9414690964062,92.4849348964258,87.7157251684176,87.2020825787577,91.6305676867357,83.5530715483564,93.723423788751,9.1,11.2,7.3,13.7,11.8,12.8,12.8,10.1,10.6,11.5,13.8,9.5,12.9,7,11.9,14.1,11.2,10.5,10.8,14.8
"14",33,"m",81.2360302767548,79.3814762986034,83.111019813341,84.3001804027373,83.4632217664273,83.509458791212,81.5713028064457,83.8017143167317,81.7200502453899,86.9853585914336,82.5604733758266,79.0281419194302,86.0049823304994,86.8310221897772,81.5035142318393,81.9370680388177,85.7540573973424,87.0844348401739,83.600410951042,85.4937040593343,5.8,8.4,6.6,5,7,5.1,3,4.6,5.2,5.5,6.2,5.4,5.2,3.8,3.9,8,2.8,6.2,8.3,6.1
"15",52,"f",68.2596602174612,67.1628012570644,64.8683246999557,60.555995216776,61.3384867671006,59.9910225170647,60.7745953111204,66.212475602075,59.1649729510404,68.1642135172006,63.9879762584538,61.4112592621637,65.0528235789969,66.8442492126455,58.9633689223079,66.536660172508,64.3501616952225,64.3973225004876,65.7211396028747,64.4984289736254,4.8,8.7,1.9,4.3,4,5.5,8.8,2.9,3.9,6.8,6,4.2,9.3,6.2,3.1,10.3,6.2,8.6,9.4,4.6
"16",59,"f",59.3294471983589,69.7469132666232,63.2823133115136,68.4030540177782,67.0451403170484,64.2754027310547,63.3993026539826,66.9197862347344,67.8507359925623,63.832829488154,66.962759812866,65.9994593206314,66.0449361971622,69.6735470226462,65.0222995084556,67.2752701751892,64.280090729221,70.7901915084028,69.3094288361597,65.8585184220278,9,14.3,11.2,11.1,10.2,15.4,14.8,13.1,11.8,11.8,16.3,11,20.5,14.2,10,7.3,10.5,8.2,14.1,11.5
"17",46,"m",83.6239249095924,79.1624328087628,80.8298758860877,81.3607468518931,81.9842553084866,78.0816092747412,81.8840534043378,80.7322267130694,83.2658839278801,80.1514515610296,84.4231904470708,81.5215968851478,79.416918460766,75.7783231420579,82.2773329545222,87.3291205389192,85.0347839010108,80.2018690418839,83.5402404986079,78.7443334936658,3.7,4.7,7.7,8.1,8.2,4.8,2.2,4,6,4.5,4.8,5,0.6,1.3,3.4,5.9,5,4.3,8.3,2.2
"18",29,"f",93.0300257252072,98.2243169757849,95.0345302290226,96.2763931111257,99.2215528680979,97.3397981057348,95.1156791048357,92.6245130221426,99.0595170598828,94.7457069530678,98.780625174338,94.4816825323572,95.3617531769385,97.4625631939957,97.919434982968,91.6372612611366,94.8149131417779,94.2316109913158,91.8618455037267,96.5851067554652,2.5,7.1,5.6,2.4,6.2,1.8,4.5,1.8,3.8,1.9,0.9,3.8,1.3,4.1,4.1,0.1,5.1,2.8,8,4.4
"19",48,"m",64.479830203466,65.7834843960176,63.962036672101,58.6294579591016,66.6926749022984,62.9490653758028,71.3679111952272,65.511437560244,70.0809029547969,64.420216298793,70.6206944605018,66.1288782651449,65.6600072594219,69.3975216896761,68.7832573973524,74.1073151977567,64.7662358871868,68.6271019618087,70.5770681234464,62.4191807786379,5.2,2.5,2.2,0.5,2.5,2,1.8,4,3.3,4.8,3.3,4.2,6,3.1,-2.3,0.9,5.6,1.9,6.2,4.1
"20",53,"m",83.3796669284868,85.5020396730432,85.7959319019267,84.0804242006806,85.6626509990816,86.5863637061967,85.1438198602575,83.4003011199429,82.9064602880915,83.2983351316885,86.9927923648125,81.0325164191259,84.9043531898983,85.5400658821875,80.9555742116907,83.4918790154114,78.6867729815937,89.1758023382644,86.9638489438071,81.831082183007,9.7,8.7,7.4,6.6,7.7,6.5,7.7,9.6,10.4,10.4,9.2,10.2,6.6,9,7,8.8,7.3,8.9,8,5.3
"21",47,"f",84.0563361877843,87.4961342219098,87.5706985823908,86.2205283261605,85.2982945833803,83.0834054481027,89.6395268351959,82.0275964497646,83.4218178323883,86.3492276628748,86.1077148408462,85.1428047607159,84.5816254987771,83.1107934314973,85.9700669134581,86.6372179317677,89.3564779244221,81.8347251250359,85.2374147484228,83.1501433624097,11.3,11.5,12.6,10.5,11.3,13.1,13.4,12.8,13.7,12.6,9.5,8.2,12,11.1,11.2,11.8,9.4,11.2,10.5,10.3
"22",49,"f",78.1180113001617,73.9609779024408,75.8957177889548,79.6734349361398,76.9657104047217,72.2387270617705,75.0310872048833,74.2331356399422,81.3138505273358,73.1072609895631,71.8507527500694,81.218012284362,72.3680031735628,71.051247925256,74.7562017821496,74.7992784776541,74.1462146485104,80.3135022717656,78.2953445029377,78.5170281846068,12.7,12.6,8.2,9.8,13.5,11.1,13.4,10.6,13.4,11.1,12.1,14.9,14.7,12.7,13.6,12.4,11,11.4,11.2,10.3
"23",32,"f",54.4002076312773,55.2217396530262,60.4549529906205,51.661796152413,59.8204811013901,59.1736168306954,59.2129881442387,60.941967854905,59.2970239482962,56.0363259346541,54.7651240558872,55.4666675096339,52.6314340475079,60.3118700285746,48.3658418578589,51.5147474070413,52.4209381477084,60.3398326671193,55.1189333586541,59.2028906499657,6.2,8.5,5.1,4,6,6,3.7,10.5,5.8,4.8,5.2,11.1,6.3,4.6,4.2,6.4,7.6,5.7,3.4,7.8
"24",45,"m",55.3189162477131,60.6352245023552,61.8785376423753,56.442340995256,61.8629228633842,59.0941074349306,60.2292196637209,58.5295264790013,56.8387129509405,57.0501751074772,56.362971697857,59.2758373518838,58.8374304102867,57.4649855213522,58.1680452004879,57.00979428059,57.2320220020379,60.4156623104037,57.8596492719198,62.9609799900631,3.6,5,5.3,4.7,3.5,3.4,2.8,4.5,3.9,4.2,4.3,7.4,3,9,8.1,4.6,6.3,4.9,4.1,8.4
"25",52,"f",88.4643206505382,92.1673900474842,95.2930034231804,93.4408979600799,94.176398626268,87.2937317152506,96.9167553442746,96.3188357756938,98.8702093400216,96.2835786719856,96.5022418382403,92.9764334365727,95.4558097807694,97.4054633980988,98.3327431524899,93.4227098096354,92.0587662928382,94.0320661156147,90.2288611206459,92.0530375668933,4.8,4.4,4.8,6.3,2.6,7,5.5,1.7,7.2,2.9,1.3,5.1,1.2,2.6,3.9,4.3,1.1,4.9,6.1,6.2
"26",21,"f",95.9886176661161,91.9917970167146,92.1146260911461,93.1772207132557,89.3003913158274,92.2410587401157,90.0711591323947,98.5104768677867,91.9304249680182,99.4270296331934,93.9890169530843,92.0525618126692,92.9330433141081,91.0292665484612,91.4007018582794,88.4389700891311,94.2279841818672,93.5277196679119,95.6826210928622,93.2241133226328,4.3,6.1,4.1,9,9.6,7.5,10.4,6.8,8.2,8.6,8.7,6.5,7.6,7.2,10.2,7.3,7.3,5.4,8.9,9.7
"27",57,"m",61.8684624179097,64.0254691133943,67.6688999694241,69.2377098387559,67.1284011191087,61.2134051628957,67.4460199780543,62.0413495374988,65.8305139954754,65.7716038244449,61.249647691809,68.1949269246146,62.4846245197207,59.9996895539091,64.3377174375931,68.2774684304038,64.7163874155161,68.2145430673857,65.4940165276174,59.7687675190383,7.3,5.8,6.2,6.5,6.4,6.5,8.2,7.6,5.3,9.4,4.9,10.7,6,7.4,7,5.6,4.8,8.3,6.5,6
"28",33,"m",52.8739653242312,55.2849823430878,55.0617453883381,61.2952462455622,54.3895565570843,52.6696722476812,57.9639026955399,50.7248982060301,57.16021045333,61.8323422516567,55.1555628684149,57.4756882624531,57.301069964163,59.2158732336699,58.7916686546381,56.2405083419174,60.4602287238223,57.7867552353051,60.0567855350681,61.8460473957277,13.1,13.6,14.3,13,10.6,11.1,13.9,14.4,14.1,11,12.7,14.5,14,7.9,10.4,12.5,13.3,8.5,13.8,12.9
"29",41,"f",85.4735445290867,75.4210430077875,80.9460371445101,81.0765255349615,82.8409880824024,83.1959620120887,83.5577071788065,82.7427393627991,82.7309738541174,85.3885975024678,82.3133668892241,86.2095654420285,84.3639012887353,88.5837676472039,85.6580780899752,86.4916647125238,85.9604753654662,84.2901641763055,90.7985181996806,78.1185947821877,8.5,8.2,9.7,9.9,10.1,8.6,9,10.1,5.4,8.4,10.9,5.6,6.6,9.3,11.9,11.5,5.3,8,10.4,8.6
"30",50,"m",45.6858520379058,53.9886953956303,51.1457228864746,54.1269420309844,48.1981047789209,47.3274533604877,49.3891513210648,48.2040838696179,49.2089490728048,48.4397324041887,46.9598221152805,51.3483929602661,52.5760307830341,49.7320843148367,51.6658820762937,51.1259849419165,51.2288785112705,49.6044593354838,49.3145114683582,53.8033731585543,14.2,10.2,13,10.9,10.5,10.5,6.5,11.7,10.4,10.5,10.5,8,8.2,12.4,11.6,11.1,10.4,11.9,9,9.2
"31",52,"m",85.6832638297057,86.465781469701,84.8678546167821,88.3695706792397,80.6918593655506,88.9640956672282,84.024821482334,87.9538062107023,83.7411803137908,83.9718681974722,84.0001556920873,86.1184945503938,87.3020185792044,88.8996042794799,85.6068648303883,88.8371401424171,83.2680046474043,86.5959717746687,79.3535741113704,83.0469753024442,14.1,14.7,15,11.9,11.2,10.9,13.9,14.9,10.9,11.4,14.3,13.1,10.9,12.1,13,14.3,13.8,15.7,13,11.8
"32",43,"m",93.1835212735129,90.8461086502753,87.0551842502689,87.4168929427481,88.52142152184,86.9967506624853,85.2995571422167,90.5219344985366,90.4774079034397,90.0918532192894,81.4547255103193,87.4332490742272,91.6458263506139,85.5915839062227,85.9439558942116,90.5051096779095,84.5690564866127,90.0727565693472,90.5267129814857,92.3396965676505,3.4,5.6,4.2,1.8,6.5,4.2,2.3,3.9,3.4,6.4,2.8,-1.2,-0.8,3.2,3.7,2.8,1.2,2.1,-0.2,3.5
"33",52,"m",51.1601859540347,50.4895881079187,45.9408421666645,50.947161805257,49.7195029066781,49.8381668711841,49.1810478830824,47.3787074004152,50.6820783800443,52.4961598161752,50.2338330366176,57.031369913163,44.3201260937657,49.6669900292678,57.3167899590005,49.8800837464051,54.1669461779017,51.7606969253458,48.6798150183712,50.4873761980301,6.8,9.2,6.9,6.3,6.8,8.1,8.8,9.1,5.2,6.3,7.3,6.1,6.7,4.8,6.6,5.8,6.5,5.6,5.6,5.7
"34",60,"m",85.7362300598342,83.4590904077867,82.2995810382585,86.3203782430066,79.640933915001,89.2783260992701,82.8290875698232,81.4730233022265,89.6722596940129,86.4235555300608,90.7916220785757,79.5630975321818,83.5395398262479,85.4911542327016,83.9876993273655,87.3965087777299,81.475070270202,83.220656859823,86.0200582944815,89.2113950975666,4.1,4,2.2,4.3,5.3,2.3,4.3,-0.1,-0.5,2.9,5.6,1.5,2.9,0.8,-0.7,3.2,5,3.1,0.2,3.8
"35",48,"m",62.6336204341948,67.467026707544,63.4797089852142,70.3391200724135,66.4029593867794,65.0423740838833,61.9085159199565,65.2407702727712,70.9734809105125,69.5991970882056,68.1625916823358,67.4141996279632,72.012778233403,63.9113755696915,63.5442363188782,66.2258842341961,64.4753713612026,68.4757091415498,62.6583834909345,62.5072740804889,2.8,6,1.5,2.3,-2,2.2,1.4,3.9,0.5,1.8,3.5,5.5,4,-1.1,2.1,2.9,2.2,0,2.6,5.4
"36",52,"m",86.7634890458875,84.9167090402009,86.3337606665564,86.6379650226185,81.127768233151,84.2368147777066,84.3897278537413,85.4937667394288,85.366603297086,85.9935602293121,85.4701222787932,84.7442475007393,86.169116588937,85.7925378179633,85.3039890766067,84.5276572267652,91.6334065243135,87.4652302456482,82.6110592188092,87.8259873286538,10.4,14.1,16.8,11.3,13.8,11,14.3,12.9,15.5,17.4,13.1,13.7,12.1,15.5,14.4,14.6,12,16.3,15.8,15.5
"37",35,"f",95.6038892952248,93.1704266612222,93.1885644977681,92.9327056842471,98.1997852102048,99.6977343832593,96.1584571969342,96.8677277304889,94.6507417621755,92.7095129956271,97.0834743853989,94.8911158177895,94.4143686034585,97.0303503455952,90.8814542566425,95.9000845279674,94.5634700717999,94.5450654327136,99.7005111949548,99.9244789035434,-0.5,3.2,0.9,-1.2,1.6,0,2.8,6.9,2.9,2.6,-0.4,1.7,-0.2,0.6,0.4,2.9,4.3,-0.4,2.1,2.8
"38",36,"f",77.4676158035865,80.8737737791415,78.4547383058644,79.9448477637452,77.8368664849399,76.5524970634306,75.7447040251897,71.9156937657523,82.2960795430173,75.9130762011581,78.4033019904816,77.1265224119554,80.7235281424197,78.1490605043168,75.9033226326016,79.6630607653121,74.8316218961888,84.0064477735063,78.2323521721414,77.9077893764675,5.7,4.3,6.5,5.9,8.9,8.4,6.5,5.3,7.2,6.1,3.4,7.6,8.4,6.9,4.5,8.6,6.1,5.5,8,8.1
"39",35,"f",76.8053349320698,70.5790784836136,77.7925673652318,79.6071143897463,81.3560058818486,78.6660117066886,75.7841859834573,75.0320146400187,76.2104528277619,77.8359357989992,76.909639889626,72.2866146851003,78.8749642834988,77.7757879754487,72.440445591124,76.3858205309631,73.4819722336666,78.7678394257327,79.5338685824205,82.9668698202973,4.4,4.5,2.2,1.3,7.5,7.8,7.3,7.5,5.5,3.8,6.9,3.5,10.2,2.7,4.5,0.5,8.6,2.8,3.8,6.3
"40",40,"m",77.3206040010184,81.8363819192597,79.9837692851572,79.0970420818817,81.746402236275,79.7190294769491,84.8750121624493,78.8320240387314,73.987276615917,79.2823447714197,76.9045273782465,81.7015560770931,79.4980972206775,83.4556512006441,80.8840214728937,79.0168011539988,80.0481724078199,81.2003294127522,83.6381348403348,81.6764010062216,2.7,7,4,4.8,5.3,5.2,4.7,3,5.4,5.8,6.7,3.3,6.3,7.1,4.7,4.2,7.3,6.2,7,4.4
"41",41,"m",97.7558230802291,102.514727305772,105.449144257297,94.5244817247017,95.4728698718903,100.07279679587,96.2007529260393,97.9422630908418,95.8172538290141,97.300896133286,102.175352696944,101.564902110612,102.128111797903,104.626463649399,101.674385533247,103.30476011513,102.487725011017,101.63614503452,101.840435315199,99.55369481439,13.5,8.8,12.1,11.5,8.8,14.5,8.6,12.6,11.8,13.5,8.6,11.3,10.5,13,13.5,13.1,10.9,12.6,9.6,9.8
"42",40,"m",98.2797812892372,97.710693496882,97.3698096286933,98.9651472376126,99.7368888538915,97.3815464026048,104.800519902726,102.520631026268,103.305801655309,101.334057284693,99.9835021166082,102.91155076229,98.707330384333,95.7435529279722,96.4557160357697,97.5097544298762,95.3595693293774,98.0454135851368,100.765540382755,99.2064981914028,7.9,3.7,7.3,8.6,8.2,5.1,7.5,7.8,11.5,11.1,5,9.9,8.9,9.4,7.1,9.3,9.6,10.1,11.3,9
"43",25,"m",64.0967984357409,65.2224446986579,63.2733953504836,56.8863728967534,60.1990097147308,58.6261817180449,65.9449863058186,57.8279816768835,58.2570462770155,66.3654099933153,63.2508027097554,61.860326064226,61.6043443491484,59.3259355830489,61.3117365928714,63.3974815042889,62.6530706938928,69.8885059767277,64.246669443355,58.969633565294,9.6,8.5,9.6,9,8.7,3.4,10.3,9,8.8,8.5,8.3,8.5,10,8.5,5.1,8.4,8.2,12,3.6,5.3
"44",58,"f",78.3426882338922,75.0155417996142,74.5470838155513,76.9772589014826,73.838792650275,78.7902195152679,72.4581487329676,76.5179241037749,74.293966986986,73.0063222467403,75.4789095058855,75.8078456326361,73.4820350517748,78.2760685411614,72.617414836283,71.0723321191819,76.3793953240535,75.8697017451898,74.0890636782609,70.7725353739895,12.3,11,9.8,9.8,13.3,14,11.3,9.7,11.9,10.7,10.7,12.5,7,9.6,11.5,13.4,14.5,7.9,13.3,10.6
"45",49,"m",93.0657871774671,88.5656416871928,87.3863789577377,87.5206918169573,89.5676348481937,86.8967867429262,87.7265371842525,87.2813437780061,87.8558072069978,86.3272356612215,93.6809081156873,79.1029014227739,89.6185178083757,91.2674595021261,87.9785572837305,85.1473451432306,85.3777967295588,90.1591707086009,86.0603892237133,81.3930983997499,2.8,3.7,4.6,5.6,3.9,2.6,4.6,4.7,3,2.8,2.8,3.1,3.3,7,5.2,5.2,3.7,4.9,0.9,1.9
"46",50,"m",56.0196392032843,53.8314792057358,57.9376788665115,57.261120662536,52.1950854460442,52.4122423851651,55.9359119717942,55.4086369663726,57.902201242068,55.2548643957463,57.1638600286129,50.9070821975803,56.6275768439056,57.4005719016005,54.4600182453212,55.9841906053059,56.2900822134064,58.424159585532,52.8958247728497,55.0130634818946,1.2,1.1,7.9,1.6,0.9,0.4,2.1,2.2,4.2,1.5,3.3,2,2.7,-1.7,-0.9,-0.2,1.5,-1.9,4.1,1.8
"47",20,"f",85.097907029666,87.8331109820587,85.9330262052961,83.9587180647734,88.1436861478869,90.0941965315997,87.5151601184099,85.5680508898882,84.0063613100794,88.5776000901894,93.0558129601729,92.6802195181597,88.6229007786936,83.8385872864586,91.6810956161644,90.0121658722623,93.9134968955891,90.1196917364231,89.6279440453491,90.8944381528316,14.7,12.1,14.6,7.5,13.5,11.1,12,9.3,15.4,8.7,11.7,12.8,14.2,15.9,11.1,15.6,13.3,14.7,10,13
"48",56,"f",68.5796792805943,72.8714085268782,69.6543074590681,71.2281745354458,64.6588024479423,75.5501339976711,68.5966521738864,68.5415537270756,67.8693184303475,65.7827365092755,73.8221427763212,72.5351277701458,71.5855723971447,68.1442117316784,70.4068222173089,67.376303842102,73.6797994461661,71.5815935629278,65.8226030340124,74.4784237756412,7.6,11.5,7.3,11.1,6.4,5.6,7.8,6.9,8.5,7.4,11,9.5,9.5,8.8,12.2,9.1,10.3,12.5,10,9.5
"49",27,"m",85.731889406327,87.8867999031443,85.990987233185,84.912103327504,85.4450069863948,83.358502089661,88.5296341297372,87.40610405895,87.409979569756,88.6023744090658,80.7599982111285,85.1231285295532,86.2911235099932,83.6980782006932,90.036190132379,86.8791054387126,85.2346532415756,88.8685757112539,89.7185889579834,83.1842169444507,0.9,1.5,4.2,0.7,1.5,-0.3,0.7,3.8,-0.8,-0.2,3,2.5,1.8,4.8,-0.7,0.2,6.9,-1.1,5.4,2.6
"50",60,"f",63.2986601074264,65.0286788325809,67.6144710820324,59.9539969938872,65.7575644216493,66.3438701728134,63.5465072542557,66.6778470447808,58.5610700227617,64.8547585006126,64.3610403557231,67.6394702061702,63.1969489086862,61.3394555529837,69.6239495880646,66.5470265945161,61.2477646047911,68.1212549301876,64.9040954732322,67.2313363438408,11.4,10.3,9.2,9.4,7.6,9.9,11.2,9.8,11.3,12.6,7.1,11.3,10.2,9.8,10,9.1,8,6.8,12.6,7.6
"51",40,"f",94.7330789121811,93.059740535484,90.3911909911657,89.6094490661315,92.3793124764876,93.4924715316384,93.7590359666337,97.651375431279,96.0056945772113,90.6083726820832,93.4431546782229,97.3461545343164,98.2592131830044,93.621405629672,99.8045125832459,95.2536251113781,92.7289555212854,95.5834262257909,97.9565918581553,98.8188675904802,9.9,12.7,11.4,7.3,10.2,11.3,9.5,11.8,13.2,13.1,12.9,11.3,11.3,13.8,13.5,13.9,10.6,10.9,10.6,15.4
"52",27,"m",51.0740230091208,51.7551931562115,49.3219720498847,47.2279035607075,55.0891153226297,51.476463460991,51.1685570220947,45.7606958268836,44.66781845262,52.4195335523596,49.3190755378235,53.7397160108608,54.9653833659364,52.7363310187814,49.8974855024771,46.7827004821806,52.3560842840224,49.6567040112497,52.3482281480869,51.0555230518942,13.4,6.1,8.9,7.9,6.8,8,10.5,10,11.2,11.9,5,7.6,7.2,6.8,6.8,8.4,6.3,10.5,6,10.1
"53",53,"m",97.2951258233632,94.9493755078591,99.7376442818241,101.813223331556,100.530578505705,98.6715988099271,93.9609535505867,98.5507636131567,95.423978231687,99.210493307366,98.120744590412,97.4673748295824,98.9047267825631,100.466497190047,98.2151587739902,99.6254791957757,97.7083570869248,94.4947915233834,99.5648125588744,101.777926715356,9.2,9.7,10.9,12,12.2,10.4,10.1,11.7,11.9,13,13.5,10.1,11.8,8.7,11.2,13.9,11.2,13.9,7.4,9.4
"54",39,"f",65.1414705906638,57.2406441328536,59.0882798155468,62.0190878759114,58.2271996751882,57.5884737408299,60.3391938803046,64.0652952068405,62.1208415106511,60.9840692273948,64.6119049332069,60.6601568967861,58.0257364090728,57.0867849631118,61.1821203048678,62.1623044424894,58.2374215418015,56.6113393701134,56.4408240525766,56.0444177747101,10.1,14.1,13.5,12.9,10.1,11.9,12.9,16.3,11.8,14.3,12.7,11,10.7,8.6,10.5,13.3,10.9,15,10.9,11.5
"55",34,"f",54.0910133278526,53.2180092732516,59.1410495098536,54.0203968299906,46.5200716581215,54.4198642330131,52.8897961170408,58.5654287443991,52.4311689848268,53.1906266630033,51.6857651481591,55.3016432917982,57.9841748855267,49.9446820881122,52.4926874277383,51.9576105457308,53.929694370751,55.6136273763179,53.727956802124,49.7821213562328,5.2,10.3,9.7,10.7,12.5,7.2,9.2,12.4,5.2,4.4,8.7,9.6,8.2,10.7,11.9,10.1,16.1,9.7,10.8,10.6
"56",54,"f",56.8849411113114,52.9807861303336,55.2886032394802,55.9292846081405,58.9322971524271,50.8360115600241,57.3175546409522,51.9391117891453,53.7710461236051,48.6020102748909,59.0177975506889,53.0697328981222,55.8458605864214,54.3363108200152,58.7788908897098,53.9503906447246,51.9836638617559,57.7543677818494,50.6178349522444,50.0500248693511,10.1,11.4,10,9.9,11.5,5.8,6.8,9.6,12.7,8.5,9.8,11.1,10.7,13.1,12.3,10.1,8.1,5.6,8.4,11.6
"57",50,"f",78.6973454302208,79.0809547249398,73.4776319907549,70.0495623319728,74.1552138713887,68.6237708763988,69.3215296563308,73.1818327376117,78.8924469039507,68.4193790345104,67.2863372434422,76.432962808797,77.7620490673883,70.8666095780894,74.883177017622,74.5367770688177,67.768323271223,71.5670782849017,76.4818540530874,71.0338340453165,8,5.3,7.3,7.3,4.9,7.2,7,6.3,4,8.7,10,7,7.1,3.4,9.9,8.6,8.7,4.7,2.4,5.1
"58",37,"m",58.8924226387068,53.9974402768886,59.5438747808662,61.9126500270808,56.2223238171914,63.8389955377128,63.4204017164534,54.3127137480755,58.6514682348995,58.5040636388109,60.465274424955,61.797934784431,59.4558547149466,61.1532127436112,55.7455301466084,56.1041696440054,57.3222441562143,60.9381104663349,58.9437593817021,58.3253385343307,10.3,8.3,8.4,8.1,6.7,8.2,6.9,12.9,8.2,4.7,11.2,7.7,8.9,5.8,7.7,12.9,11.6,9.6,8.6,8.8
"59",29,"m",84.735629304904,85.9293277181595,80.2365874152976,84.3443598944072,84.7585597271451,82.3771127398227,77.1511850088093,86.8694362608179,81.9313678596554,84.2681062074065,81.6604981207842,81.6949209595506,83.4771598737712,82.8903931953647,81.6262813190603,84.4955292796848,85.9789136492928,81.2298499825882,82.6176564774538,85.0183734159108,5,5.2,8.4,5,4.2,3.4,3.5,3.2,1.1,3.5,2.9,3.9,0.6,4.6,1.6,2.6,1.3,3.6,4,6.1
"60",27,"f",66.0746271354284,65.0200575064033,67.2340060430958,64.6658679926131,65.5668595453366,69.4767130613173,64.1390380944238,62.9333372265081,66.3758996029599,64.4299589696654,64.5232773522607,59.8804461583526,68.0562251257131,63.3575038018371,67.4610075829709,65.6260851430766,64.2278947294605,72.5389895585458,65.1097748419867,65.3360872566013,8.9,7.1,5.5,7.8,3.8,4.1,7.3,2.8,7,10.8,5.1,8.4,8.2,7.3,3.7,6.7,5.2,10.8,6.8,9.7
"61",34,"f",50.7198758688865,47.3495205908096,49.4501448220209,52.3680542617259,51.8306933390476,49.6358123203001,50.018674552417,49.5551776453613,50.7216222873452,48.9736525983294,44.0812123682799,47.6830363189146,50.4471296046941,50.5960399134087,51.3324441997741,47.2310278253951,45.3501646920911,45.6640597226322,52.331652243809,52.3080293487677,13.7,11.5,12.2,10.6,11.6,15.7,15.9,11.6,9.9,11.5,11.9,11.8,9.5,11.8,10.8,12.1,13.5,11.2,12.8,15.5
"62",33,"m",78.3309032591998,76.369154726882,79.217852576866,74.6926009430984,80.2822381312706,78.6168845241845,75.2835376499091,82.0245884325989,75.1789377212975,81.7089095098075,70.67816745601,78.7223812579975,74.4155900359339,75.8646140790196,81.5714601095997,76.2904451847777,75.9381578033763,77.267329546581,80.9577066570815,70.5893821087294,3,5.2,4.9,4.1,7.1,3.6,7.8,2.6,7.2,1.8,4.9,5.7,4.9,1.1,5.5,6,7.4,2.1,5.1,4.8
"63",53,"f",51.5472997313571,48.4477768816143,49.6361507329815,54.5751424494094,54.3578645969473,58.1844315361149,51.0077309087766,49.9381510383764,55.2998180578207,50.6855423190324,53.2656357785409,54.8447533477489,55.5999384139692,55.2229298518853,59.7968676793033,56.6173472862658,54.0232287654094,57.0044570727486,58.2216919095979,55.2764104118804,6.7,6.1,2.3,4.8,2.8,7.7,4.2,4,6.1,1.2,3.2,2,1.9,4.6,4.4,4.6,5.4,6.2,4,1.7
"64",22,"f",72.1349542476678,69.0762177117801,74.287013683729,71.4055232623168,67.5757021125393,76.6296532256658,65.5752877120777,71.1391573745118,64.3591287528245,75.4510491839468,66.7387897950669,68.0012353532623,69.9701080933082,72.3936554954253,68.198338160863,67.4319902054964,75.6589226528828,66.4637805140168,71.4851236517962,65.1508818051161,11,4.4,6.8,10.9,9.4,8.7,8.5,5.2,8.6,6.1,8.4,5.7,9.5,10.4,9.2,9.4,9.1,8.8,9.9,11
"65",23,"m",61.925680454827,61.005706247731,64.2823732001489,55.1424066780889,58.6005942086349,58.409757740274,59.7761813971528,59.3862873995043,55.132755524843,61.0130804043305,62.8861844303671,64.6269376207583,63.4178874646638,62.0496789296615,65.2946837474865,59.7470395589354,68.5669438529139,61.901863767183,63.6018687575229,62.7035710482407,4.3,7.2,8.6,5,3.3,5.7,3.4,4.7,5.8,5.8,7,7.2,2.6,3.6,6.9,3.6,5.5,0.5,4.3,4
"66",56,"f",69.641481828845,65.6917046757245,66.9599758065558,70.601566868225,75.5441536755143,70.8052703550898,70.5609474218739,66.6618271232552,66.9835673558117,77.5024933258698,69.5839527481426,69.5247338471168,74.6511146333946,72.2663676263963,71.0649050839819,75.3052483481618,73.0670111542385,66.1059244827423,72.8613566065845,68.5323726634722,6.4,10.5,7.8,9.9,7.2,7.1,7.6,9.4,7.3,13.8,11.7,8.9,5.7,7.6,10.9,7.6,10,6.7,10,8.9
"67",52,"f",97.2352297062107,97.6215542148214,94.7864047652944,98.1732311410091,99.1281238022681,94.468463975565,94.3293011384389,96.6076609174329,96.0036649466119,93.6507879110803,95.9484784003146,94.9926663206193,93.3014844075016,95.7688638342206,92.39622298792,97.5311606301997,98.5319907127871,92.6928054501316,86.1644886034502,97.2441777525385,6.7,5.2,3.2,5.5,7.4,6,8.9,2.9,-0.7,5.3,5.7,9.1,4.9,8.1,4.4,8,7.2,6.7,6.7,6.4
"68",33,"m",77.662998994423,74.4714844148148,76.142922874153,76.4489538503077,73.1943885163039,79.2308414790756,78.1705310854483,74.5876142166417,75.7142310152554,75.7527974369249,76.6668627800857,74.3923862452492,78.6441326974517,73.828945352102,76.3099954488191,72.4738693392943,73.8930902834757,74.6415503953568,77.5646876638705,80.5179645704777,4.9,8.6,3.8,3.4,3,4.5,5.4,7.5,5.2,4.5,3.6,6,3.6,3.5,5.6,5.3,4.3,5.1,3.2,5.6
"69",40,"f",83.0182906479124,83.6172326433755,87.9372560048403,86.4805054502296,81.1744832777579,81.2228475275157,89.2007697516657,84.0042108260647,83.6060428562192,81.6738978381643,78.9290212839461,88.1799325659759,81.9872739914531,83.5618219423148,84.4666281517294,75.9997889144316,93.1468009476478,85.0914340471771,83.8852718412499,79.7803078944879,8.5,8.3,6.4,4.3,3.8,5.9,3.6,6.1,6.9,8.1,7.5,3.7,6.4,7.1,6.4,4.8,10.3,7.1,6.6,4.9
"70",55,"f",59.6549095836028,66.935588375497,66.7476345985816,61.2606081955343,62.5365723798538,59.9422663152332,60.6770240387804,58.5358883407515,59.0763876696771,61.9325551810089,61.1814717684259,58.1889049082701,60.1342417043807,58.9907724986809,62.1823193630997,61.8642765800055,61.339810671633,60.6760560618744,59.4750296306006,59.3142103615857,11.1,11.6,9.6,11,7.8,6.6,8.6,9.3,10,12.5,11.8,10,9.6,12,6.1,7,11.2,9.4,7,10.4
"71",36,"f",66.9855551434724,69.5896118037817,68.2787841835133,61.6209413573627,64.0707917458697,61.0269011208766,65.2362330177124,63.7569350989101,64.4781388238,68.6211045573663,67.9064649945808,63.4167459234732,65.4491959388829,65.0120778194598,69.8488511559785,65.5326053740834,61.3172521255046,66.7862819118438,65.8062144836819,62.360191991694,2,5,4,5,0.8,2.5,4.6,4.5,4.6,4.6,0.3,0,5.5,2.8,0.4,5.3,4.6,3,3.8,3.1
"72",53,"f",92.171737075922,94.2311494344115,88.0467871982334,93.9556054645238,95.017379066689,88.2610207799099,93.3854613130115,89.6870235167029,94.2710238210303,93.3012235379097,97.2527132111723,87.8474869372283,97.1869664641904,95.4065273014842,91.2562024252251,90.698788934581,94.8789640536364,85.9630585886678,91.6155839716497,86.8469732662748,10.1,10.1,11.4,13,11.9,13.1,7.6,9.7,9.4,8.1,9.6,13.1,7.6,9.8,9.2,10.6,13,10.8,9.2,11.9
"73",54,"m",79.5190581851314,80.336495133633,82.9514120839312,84.1805312816972,82.2333129315324,78.6454317400432,80.6390205567346,76.4377634873311,81.0559306794436,78.4521648705749,81.3224037429918,80.6443553705751,82.0878358770844,84.9445731805382,79.9879811916383,80.8276207433827,82.1434086093071,78.6313844824681,86.5711353078153,80.2429141803013,5.2,8.3,5.8,4.2,8.1,7.6,7.1,6.7,4.7,4.6,4.2,7.8,4.6,7.5,1.3,4.2,5.1,3.9,4.4,6.7
"74",55,"m",57.4998290636232,55.1285152703722,48.033385429933,54.1501012823259,50.0572370868663,54.2898131180695,55.21744154327,50.4255502275135,54.4618402160447,53.7555701594594,53.6066425651699,54.6355270472779,53.5132307636383,50.4254957361212,48.5215518759711,54.3452824439738,53.7842390329788,56.4278027294727,55.7820837653147,52.5408702465616,13.1,13.3,15.1,13.2,15.2,12.2,15.1,13,13.2,11.6,13.1,10.6,11.9,12,13.5,13.2,15.3,13.9,10.2,11
"75",57,"m",95.4203877537735,96.7749877058678,97.1298287787668,98.8216526977694,97.5658244457506,102.327720058288,101.237946983244,96.431156276028,95.5626303582293,95.8396040668061,96.2072475047687,95.4484751335747,95.1367626267056,102.732883804495,92.7760746272262,103.34697088701,100.395023203689,94.6023371623613,95.0957037625984,96.649717299535,10.8,8.5,9.4,10.5,11.7,12.7,10.5,10.6,14.6,10.8,11.6,11.3,15.5,10,9.8,11.7,13.5,12.5,11.2,9.5
"76",46,"m",97.9915907282255,90.739543149223,92.6282952634307,95.0783694981924,94.7164312309367,94.5143609973916,86.5019930257103,90.8927943457123,93.5122096887445,87.4117474565243,90.9502213101048,93.0787546727234,90.0122505372282,89.4696254448138,92.5380671872846,93.073670873373,94.7239182402594,90.5377200329109,88.2668489738541,90.6059951562021,11.9,11.6,14.9,12.4,11.7,9.7,7.6,10.4,10.7,11,12,11.4,9.2,8.9,9.4,11.9,10.5,12.7,9,10.8
"77",57,"m",89.9525427308796,89.2466267245565,92.5205441118645,85.6961562195646,94.8832668579472,90.0600665314362,91.3411488515186,89.9263403802668,89.1068264011645,89.9672980423247,89.3853938068523,97.7405289244053,90.9178490416379,94.2445173253431,91.4178949711583,89.3438470963729,84.9018435401104,91.334430754469,92.2899795531828,92.3293594046341,-1,6.1,1.2,2.2,3.1,2.2,1.2,2.4,1.2,5.1,2.9,-0.8,2.9,1.7,1,-0.1,2.9,0.7,5.6,3.9
"78",50,"f",50.0307029885733,48.5094427077652,52.2805901748807,51.2673159516352,48.0656826900661,56.4652961599107,44.1081150343907,49.1333210679839,51.3961026918324,50.1382258907999,52.2328144859629,50.3771683564994,57.7125384626482,47.8710625782557,47.0483566074399,55.4557689944919,49.4410686631869,51.0126395914576,53.6422363852014,56.3549727009135,3.3,6.8,5.6,6.6,7.1,5.5,10.6,6.5,8.7,5.6,8.1,7.2,6.7,5.8,6.4,2.3,7,5.2,6.1,6.9
"79",23,"f",59.8941392528844,59.8853900913261,57.4382698556499,62.1119945359802,55.1410679265983,55.6102729292122,56.952602665446,58.8544512229191,60.6753471730758,60.5017011864019,60.3275793764907,55.1641966389945,50.3871663982725,63.7054893693378,61.4482103976534,61.0174094432218,56.707266713239,68.5087206220745,57.8915203311273,58.8538799372146,3.5,6.6,5.5,0,6,5.9,5.8,3.1,3.9,9.8,6.3,4.3,5,8.7,6.1,10.8,6.2,2.6,8.4,8
"80",25,"f",48.8255316007815,49.4531056020551,56.113879764801,53.2201103691291,51.3259552521823,50.0578559361197,51.0590861167211,51.1142232926126,52.1309126627384,51.9787193150776,47.6442408256533,51.5819906893779,50.8086007689396,57.5162302625588,48.7617438669252,52.7812050270705,53.3926045251377,51.4010616154902,49.4037007366165,52.2842501046636,14.7,14.1,11.9,10.7,13.7,11.5,9.1,13.5,14.6,15,13.2,16.2,10.9,14,9.6,16.6,13.6,11.4,13.4,13.2
"81",23,"f",95.8513023944359,104.471661384355,88.27467116169,96.6953356245166,94.32769239956,93.429411804451,98.9097922369637,99.3606120765913,89.5568463269419,96.3000167915939,96.2427986790054,97.573618837923,94.6793719533652,96.4652191159816,96.7142568824033,92.3907771353867,96.9489341254887,99.3164574326403,97.5936727294168,98.947466773262,8.1,7.9,9.3,13,9.6,8.9,12.8,14.4,13.3,11.5,13.2,14.7,13.7,10.6,13.9,11.2,11.9,11.7,10.2,11.4
"82",59,"m",85.8263082819864,86.5062800289245,88.4562872749794,85.8174865745623,87.366995690445,89.2515804676627,88.5267051894707,87.2490044740653,87.3397530545677,88.3977061754611,82.2890706983221,88.4087519630399,86.8508084562965,92.2525355634966,93.0862621646633,90.2659147142448,91.5296241503108,88.3128780475061,89.8476238551497,90.0852539934284,2.2,0.7,7.7,1.8,5.7,7.5,4.1,5.8,0.6,5.7,5.2,1,3,6.2,7.3,6.9,3.1,4.8,5.6,5.3
"83",28,"f",95.4641857844874,100.528470598151,100.667740053287,97.1484527425898,92.682910606031,96.5600340932883,99.2229629225679,94.9872395404718,106.264022205384,107.376559081076,98.4202563568242,100.845414097858,99.8970722047663,92.3290522053704,94.1439369038571,101.521318334704,98.8918667324236,100.517678394903,102.033741460373,99.1343676509062,5.3,8.2,7.9,6.8,5.2,5.3,7.6,8.5,5.5,2.2,5.1,1.4,5.1,4.8,6.3,6.9,9.5,3.6,5.6,6.2
"84",25,"m",62.7800928940208,57.9279205247739,61.8606293163469,56.0623942673498,61.5328591961793,61.2800133278602,62.3711106735153,62.1450036769829,59.3714686720704,62.5343912044675,63.6384985094327,64.9561355358789,62.1793833579821,62.8772527434817,60.8605306754884,58.4800736757344,62.7498195447798,61.9054015843859,61.2729510341908,70.6296045679,3.8,4.6,5.4,0.9,4.6,4.2,0.4,6.6,2.2,4.4,3.8,2.9,7.6,3.6,5.5,1.3,2.7,0.9,1.7,5.2
"85",26,"m",100.689608550983,102.191259568836,100.562777668842,90.1913423029278,94.9210568951001,98.4559122887519,98.3351858095886,94.7624192699958,101.204999162879,98.9350842433966,92.6348904831973,94.3295392092851,95.8534015082197,102.100230697304,93.4748896776911,92.4559101592931,95.9931717642051,96.3418399304708,100.113068164196,95.8186677005511,2.4,4.2,5.2,6.2,4.5,4,1.5,7.3,2.2,4.4,2.7,6.4,5.9,7,4.3,4.4,6.4,1.8,9,6.9
"86",57,"m",80.3552928912906,73.711460739013,81.4811790401486,79.8000347007033,78.7536745088352,82.9253843239891,81.1353020161698,82.3810435710896,81.339420026856,86.3969165010359,78.0728940379889,84.8482811835496,80.1698087062232,75.605271997328,81.4411988680784,80.6613630935226,81.3740970792285,74.5976856777586,85.0851680423581,75.6097307662209,13.1,12.2,16.2,11.9,13.3,14,10.5,12.5,10.6,13,12.6,14.8,11.7,14.6,13.1,12.5,12.6,11.5,8.7,10.6
"87",38,"f",78.0057419711488,76.7256725890147,78.6688068229944,80.8046253553087,83.0305625103638,84.4099292458677,87.7897550279216,82.9349672780933,79.1865244174046,83.266917157661,88.0176988890552,81.006287014027,78.8985356519328,82.3314489148553,79.2375200056241,82.1224843014323,82.5396763974449,75.040180681488,79.0831525158026,82.5600922925561,6.8,5.5,7.8,7.1,4.7,8.5,5,7.7,6.9,3.1,8,6.5,7.1,9.9,6.5,7.1,6.2,5.4,7.3,7.2
"88",25,"f",90.4854203251218,91.2581109483693,89.949690288616,83.8267138319749,89.0763452750145,93.9887717502866,90.213351170889,95.4462743333869,89.887889155362,91.764498146264,83.549606658674,91.1584497256555,88.3694898052336,92.2203106952371,96.5953162492613,92.0086540434813,85.8650694142737,89.2452581355971,88.8916861495681,91.4112758393997,6.3,10.8,8.3,9.2,5.8,6.2,4.6,8.2,9.4,5.2,9.4,8.2,7.8,8.4,7.5,11.5,6.6,7.1,6.8,7.3
"89",25,"m",88.0697728375606,90.1659314647016,85.3883776906384,91.6292781594541,91.2051024364086,90.8712862422419,90.2624455337922,96.5447160532985,86.9688528751246,88.3681770418024,85.7245749814492,93.3006568949481,93.1351815028281,92.8524830868094,89.8337109800101,95.7044044036863,92.1975034422475,87.2683029625915,90.8857494871494,94.8273099692096,8.7,12.2,6.5,13.5,11.4,12.4,8.8,11.9,8.4,7.5,10.7,11.6,11.3,10.6,11.1,9.3,8.5,9.5,10.7,8.9
"90",58,"m",60.2257519342689,60.3662880947898,58.3147159238011,52.1387461642253,55.4578823564202,56.5334692766659,57.8819914051907,52.6062990235451,52.555103618037,50.812387678397,54.2121615259679,55.4839515816732,58.8028527125474,57.5241494532248,53.9431596602042,57.2020121570761,53.3216655267478,57.4908689621634,59.684833090028,56.9804669030651,-1.5,3.4,3.7,4.3,2.4,8.2,5.8,7.2,3.2,5.5,2.5,7.7,4.6,3.3,4.6,4.8,6.5,4.8,4.5,6.4
"91",32,"m",55.4993704472198,54.6876128694032,54.5536153206728,51.5524471902716,56.2356377507038,55.4966939705669,58.7081026344717,55.8450175994532,47.7845945358461,51.0187145677127,55.8974202997158,49.5200022986403,50.5652855846169,51.9750919567336,49.5862221120187,50.6456666918497,54.8347301382886,54.9336300251117,48.2842379740833,56.1234760983777,5.9,10.3,8.8,7.2,8.5,7.5,6,5.4,9.6,6.7,2.5,3.2,7.6,7,8.8,5.1,4.9,11.2,10.9,8.3
"92",23,"f",83.6108476402864,76.2779324349389,78.5509314032393,79.8828812536525,84.1196689447375,77.3678941834729,84.7669902984243,79.7891446322065,77.7602245244858,80.7478313593815,84.6742799375361,79.2425460618844,81.7452062286471,76.3335127639665,83.8456978070395,83.2472700865531,76.9610992168119,78.6650945067739,78.2368714908847,76.8418478068731,6.8,3.8,3.2,4.9,4.9,3.2,6.5,1.2,5.9,1.8,3.8,3.3,6.7,6.5,1.3,4.9,7.5,5.6,5.3,2.5
"93",27,"f",85.2466435789625,88.5934987480858,87.8070356842762,81.3733142738671,85.5595093173201,83.0537956055131,82.3320286649563,87.415444615247,86.2420059969882,93.1422917408993,86.1708274459847,84.161783951927,77.0361603327099,85.3181127537748,84.3188162998451,85.401515082387,86.6065171668176,82.9862299908768,83.8576871737509,86.0255192772857,10.2,11.5,12.8,4.8,10.3,17.6,9.7,10.2,13.2,9.8,7.2,5.3,11.3,13.5,9.2,7,11.7,10.1,10.9,8.8
"94",53,"f",64.5980579301189,68.1598922835079,69.1000097970783,66.4720513411873,68.1285365300948,61.4048708502334,67.9751614040003,72.0759517682856,69.4667058917269,62.4215835237797,64.2332756261731,69.4664134845595,62.2253830574394,66.5614157506561,65.8734155986924,68.2562667558244,64.5389786163247,72.8064266845636,67.5117299980866,70.3535541107749,8.5,12,13.2,7.7,13.2,7.3,8.7,10.4,11.5,10.8,7,10.4,10.6,9.8,9.3,8.9,10.9,8.5,12.3,10.3
"95",29,"m",74.8626935511077,75.0630362905164,76.0488811673555,73.4717372937882,73.2902563959292,73.4306701103635,75.9922264985063,70.2723004295821,77.0306143954471,72.3730159068241,70.5152780193316,77.0779644513896,78.2864230934124,71.4209684195287,77.6241063921594,77.3915935326612,75.2664067996895,73.1056636602161,67.1320632880616,65.2047186117885,7.9,7.5,9.5,9.7,9.9,7.2,6.7,8,10.5,10,7.9,8.1,10.8,11.4,11.5,6.7,10.4,7.7,5.7,13.8
"96",59,"m",47.147451243494,54.7737065582018,50.1665661072847,54.6310142721603,53.8078953795748,48.3879709652408,50.1720660858607,50.1065881690703,47.8269593830314,55.3218215863861,55.2216156877044,52.851338374727,54.152719994725,49.7009814011098,49.4127497391648,50.5508474897012,55.0187954237142,52.554119761147,47.1946282857613,49.9038826998025,7.2,9.7,8.3,5.4,9.2,7,7.6,7.8,7.3,6.4,5.3,10.8,8.2,10.1,10.1,6.6,7,11.9,9.1,3
"97",48,"m",55.8251258502782,55.9649676396407,53.2028618159495,58.6013812650127,54.1659575222506,55.1640562679885,53.2788230858148,53.6169901716706,49.3717556344645,51.3609298168366,55.4774628058917,49.9477021009755,54.6560484112715,54.7785915175513,60.2660742109528,51.680681976346,51.6667476043351,52.7693332068134,56.4676873579736,58.4459888816812,9.5,13.1,9.7,13.8,12.3,10.6,7.8,11.8,13.2,9.5,13,10.6,12.6,13.7,10.4,11.8,9.6,9.3,11.9,11.3
"98",27,"f",66.8182571770316,70.1329132786084,70.7225972591242,69.7649029778424,73.3526613115911,66.1072435998453,70.4839305621294,63.9591762987651,70.9282275106805,66.911861155109,69.8477582001301,64.0099845733663,74.747214797317,62.8596853023576,68.4869442724438,70.0285835155966,68.3810507797503,78.9152063659286,70.3173309716715,77.3213025992302,2.9,4.6,8.5,4.3,8.8,2.6,4.8,2.7,6.4,4.3,4.8,6.3,5.8,4.3,3.8,5.8,4.1,2.7,5.7,7.7
"99",46,"m",71.6441229170453,65.8544659063442,66.4408893085883,71.096901851998,67.6519115385629,71.2456891819846,69.4029257348725,63.8768497980549,64.1019404679157,70.1707930854451,70.7037476007859,66.7843635691556,67.8631084259201,67.5704619903339,70.5038132822917,73.1655179284072,71.6256830644839,65.3952636833859,62.8945006543399,66.0120692592043,0.8,2.8,2.7,0.2,3.4,5.7,5.8,0.2,-0.4,3.8,2.6,0.7,3.3,2.4,2.7,-2.3,-0.5,0.5,0.3,1.9
"100",45,"m",67.0333851649984,58.4036909467385,66.4957117718613,62.7913850635427,65.2311861244796,62.5901536593674,60.4378002651557,63.8608357008046,65.9971272250866,61.9260944048622,66.3090571343351,57.9059625408399,59.2102823078329,59.3020726671108,60.7355561691033,62.7519327973068,61.8702025880824,62.1675513160994,60.5997662630968,59.9243683805257,4.7,4.7,3.8,-0.7,5.5,4.5,3.4,9.4,0.1,6.3,7.1,4.7,5.3,1.2,1.9,3.4,4.9,3.5,5,5
